200,100,Jhon,Andres
250,200,Pepe,Pepe
299,300,maria,Maria
400,500,Pepa,pepa
1000.12345,1000.12345,Luca,Luca